{
	"key": "E",
	"dimension": 0,
	"distanceRenderMarker": 15,
	"areas": [
		{
			"id": "Entrance1",
			"marker": {
				"pos": {
					"x": -1214.2536621094,
					"y": -190.97254943848,
					"z": 38.325103759766
				},
				"color": {
					"r": 255,
					"g": 187,
					"b": 255,
					"a": 255
				},
				"size": {
					"x": 2.0,
					"y": 2.0,
					"z": 1.0
				},
				"heading": 169.59108,
				"type": 1
			},
			"spawn": {
				"x": -1214.2536621094,
				"y": -190.97254943848,
				"z": 38.325103759766
			},
			"canGoTo": [
				"Room1"
			]
		}
	]
}