{
	"levels": 7,
	"start-pos": {
		"x": -1203.1069335938,
		"y": -190.87379455566,
		"z": 47.79
	},
	"radius": 60
}